Name	Label	Type	Mandatory	Placeholder	Options	OptionNames	Required Error Message	Required Expression	Style	Description	tooltip	Value	richText
firstname	First Name	text	x	Enter first name			Please enter the first name		col-6				
lastname	Last Name	text	x	Enter last name					col-6				
email	Email Address	email	x										
favoriteteam	Favorite Team	select	x		Cardinals,Falcons,Ravens,Bills,Panthers,Bears,Bengals,Browns,Cowboys,Broncos,Lions,Packers,Texans,Colts,Jaguars,Chiefs,Raiders,Chargers,Rams,Dolphins,Vikings,Patriots,Saints,Giants,Jets,Eagles,Steelers,49ers,Seahawks,Buccaneers,Titans,Commanders,none	Arizona Cardinals,Atlanta Falcons,Baltimore Ravens,Buffalo Bills,Carolina Panthers,Chicago Bears,Cincinnati Bengals,Cleveland Browns,Dallas Cowboys,Denver Broncos,Detroit Lions,Green Bay Packers,Houston Texans,Indianapolis Colts,Jacksonville Jaguars,Kansas City Chiefs,Las Vegas Raiders,Los Angeles Chargers,Los Angeles Rams,Miami Dolphins,Minnesota Vikings,New England Patriots,New Orleans Saints,New York Giants,New York Jets,Philadelphia Eagles,Pittsburgh Steelers,San Francisco 49ers,Seattle Seahawks,Tampa Bay Buccaneers,Tennessee Titans,Washington Commanders,I don't have a favorite team							
preferredlanguage	Preferred Language (Optional)	select			en,es,fr,de,pt,ja	English,Spanish,French,German,Portuguese,Japanese					We use your preferred language to provide you with communications and content in your preferred language, where available.		
country	Country of Residence	select	x		AFG,ALB,DZA,ASM,AND,AGO,AIA,ATA,ATG,ARG,ARM,ABW,AUS,AUT,AZE,BHS,BHR,BGD,BRB,BLR,BEL,BLZ,BEN,BMU,BTN,BOL,BES,BIH,BWA,BVT,BRA,IOT,BRN,BGR,BFA,BDI,CPV,KHM,CMR,CAN,CYM,CAF,TCD,CHL,CHN,CXR,CCK,COL,COM,COG,COD,COK,CRI,CIV,HRV,CUB,CUW,CYP,CZE,DNK,DJI,DMA,DOM,ECU,EGY,SLV,GNQ,ERI,EST,SWZ,ETH,FLK,FRO,FJI,FIN,FRA,GUF,PYF,ATF,GAB,GMB,GEO,DEU,GHA,GIB,GRC,GRL,GRD,GLP,GUM,GTM,GGY,GIN,GNB,GUY,HTI,HMD,VAT,HND,HKG,HUN,ISL,IND,IDN,IRN,IRQ,IRL,IMN,ISR,ITA,JAM,JPN,JEY,JOR,KAZ,KEN,KIR,PRK,KOR,KWT,KGZ,LAO,LVA,LBN,LSO,LBR,LBY,LIE,LTU,LUX,MAC,MDG,MWI,MYS,MDV,MLI,MLT,MHL,MTQ,MRT,MUS,MYT,MEX,FSM,MDA,MCO,MNG,MNE,MSR,MAR,MOZ,MMR,NAM,NRU,NPL,NLD,NCL,NZL,NIC,NER,NGA,NIU,NFK,MKD,MNP,NOR,OMN,PAK,PLW,PSE,PAN,PNG,PRY,PER,PHL,PCN,POL,PRT,PRI,QAT,REU,ROU,RUS,RWA,BLM,SHN,KNA,LCA,MAF,SPM,VCT,WSM,SMR,STP,SAU,SEN,SRB,SYC,SLE,SGP,SXM,SVK,SVN,SLB,SOM,ZAF,SGS,SSD,ESP,LKA,SDN,SUR,SJM,SWE,CHE,SYR,TWN,TJK,TZA,THA,TLS,TGO,TKL,TON,TTO,TUN,TUR,TKM,TCA,TUV,UGA,UKR,ARE,GBR,USA,UMI,URY,UZB,VUT,VEN,VNM,VGB,VIR,WLF,ESH,YEM,ZMB,ZWE	Afghanistan,Albania,Algeria,American Samoa,Andorra,Angola,Anguilla,Antarctica,Antigua and Barbuda,Argentina,Armenia,Aruba,Australia,Austria,Azerbaijan,Bahamas,Bahrain,Bangladesh,Barbados,Belarus,Belgium,Belize,Benin,Bermuda,Bhutan,Bolivia,Bonaire and Sint Eustatius,Bosnia and Herzegovina,Botswana,Bouvet Island,Brazil,British Indian Ocean Territory,Brunei Darussalam,Bulgaria,Burkina Faso,Burundi,Cabo Verde,Cambodia,Cameroon,Canada,Cayman Islands,Central African Republic,Chad,Chile,China,Christmas Island,Cocos (Keeling) Islands,Colombia,Comoros,Congo,Congo (Democratic Republic of the),Cook Islands,Costa Rica,Côte d'Ivoire,Croatia,Cuba,Curaçao,Cyprus,Czechia,Denmark,Djibouti,Dominica,Dominican Republic,Ecuador,Egypt,El Salvador,Equatorial Guinea,Eritrea,Estonia,Eswatini,Ethiopia,Falkland Islands (Malvinas),Faroe Islands,Fiji,Finland,France,French Guiana,French Polynesia,French Southern Territories,Gabon,Gambia,Georgia,Germany,Ghana,Gibraltar,Greece,Greenland,Grenada,Guadeloupe,Guam,Guatemala,Guernsey,Guinea,Guinea-Bissau,Guyana,Haiti,Heard Island and McDonald Islands,Holy See,Honduras,Hong Kong,Hungary,Iceland,India,Indonesia,Iran (Islamic Republic of),Iraq,Ireland,Isle of Man,Israel,Italy,Jamaica,Japan,Jersey,Jordan,Kazakhstan,Kenya,Kiribati,Korea (Democratic People's Republic of),Korea (Republic of),Kuwait,Kyrgyzstan,Lao People's Democratic Republic,Latvia,Lebanon,Lesotho,Liberia,Libya,Liechtenstein,Lithuania,Luxembourg,Macao,Madagascar,Malawi,Malaysia,Maldives,Mali,Malta,Marshall Islands,Martinique,Mauritania,Mauritius,Mayotte,Mexico,Micronesia (Federated States of),Moldova (Republic of),Monaco,Mongolia,Montenegro,Montserrat,Morocco,Mozambique,Myanmar,Namibia,Nauru,Nepal,Netherlands,New Caledonia,New Zealand,Nicaragua,Niger,Nigeria,Niue,Norfolk Island,North Macedonia,Northern Mariana Islands,Norway,Oman,Pakistan,Palau,Palestine,Panama,Papua New Guinea,Paraguay,Peru,Philippines,Pitcairn,Poland,Portugal,Puerto Rico,Qatar,Réunion,Romania,Russian Federation,Rwanda,Saint Barthélemy,Saint Helena,Saint Kitts and Nevis,Saint Lucia,Saint Martin (French part),Saint Pierre and Miquelon,Saint Vincent and the Grenadines,Samoa,San Marino,Sao Tome and Principe,Saudi Arabia,Senegal,Serbia,Seychelles,Sierra Leone,Singapore,Sint Maarten (Dutch part),Slovakia,Slovenia,Solomon Islands,Somalia,South Africa,South Georgia and the South Sandwich Islands,South Sudan,Spain,Sri Lanka,Sudan,Suriname,Svalbard and Jan Mayen,Sweden,Switzerland,Syrian Arab Republic,Taiwan,Tajikistan,Tanzania,Thailand,Timor-Leste,Togo,Tokelau,Tonga,Trinidad and Tobago,Tunisia,Turkey,Turkmenistan,Turks and Caicos Islands,Tuvalu,Uganda,Ukraine,United Arab Emirates,United Kingdom of Great Britain and Northern Ireland,United States of America,United States Minor Outlying Islands,Uruguay,Uzbekistan,Vanuatu,Venezuela (Bolivarian Republic of),Viet Nam,Virgin Islands (British),Virgin Islands (U.S.),Wallis and Futuna,Western Sahara,Yemen,Zambia,Zimbabwe							
dob	Date of Birth (Optional)	date-input									We use your date of birth to provide you with more personalized offers and content.		
postalcode	Postal Code (Optional)	text						country = "USA"			We use your postal code to provide you with more personalized offers and content.		
agreement		plain-text										By clicking 'Sign Up', I agree to the NFL <a href="https://www.nfl.com/legal/terms/" target="_blank" rel="noopener noreferrer">Terms and Conditions</a> and understand that personal information will be used as described in the NFL's <a href="https://www.nfl.com/legal/privacy/" target="_blank" rel="noopener noreferrer">Privacy Policy</a>. Once registered, you will be able to access our preference center to control content, offers and more that you receive from the NFL, including member clubs.	true
ageconfirm	I confirm that I am at least 18 years of age.	checkbox	x										
marketingconsent	Yes, I want to sign up to receive content, offers and more from the NFL.	checkbox	x										
privacynotice		plain-text										Our <a href="https://www.nfl.com/legal/privacy/" target="_blank" rel="noopener noreferrer">Privacy Policy</a> explains why the NFL collects your data and how it is processed. You can unsubscribe at any time.	true
submit	Sign Up	submit											
